Biomarker,MYID,LLOQ,ULOQ
3-(3-hydroxyphenyl)-3-hydroxypropionic acid,M00000564,,
3-Hydroxyoleoylcarnitine,M00000502,,
5-Hydroxyindole-3-acetic acid,M00000565,,
Acetyl-Ornithine,M00000060,,
Acetylcarnitine,M00000018,,
Alanine,M00000036,,
Alpha-amino-N-butyric acid,M00000560,,
alpha-Aminoadipic acid,M00000062,,
alpha-Ketoglutaric acid,M00000619,,
Arginine,M00000037,,
Asparagine,M00000038,,
Aspartic acid,M00000039,,
Asymmetric dimethylarginine,M00000061,,
Benzoic acid,M00000643,,
Beta-alanine,M00000556,,
beta-Hydroxybutyric acid,M00000618,,
Betaine,M00000505,,
Butenylcarnitine,M00000025,,
Butyric acid,M00000607,,
Butyrylcarnitine,M00000023,,
Carnitine,M00000001,,
Carnosine,M00000543,,
Choline,M00000509,,
Citric acid,M00000508,,
Citrulline,M00000040,,
Cotinine,M00000642,,
Creatine,M00000507,,
Creatinine,M00000063,,
Decadienylcarnitine,M00000004,,
Decanoylcarnitine,M00000002,,
Decenoylcarnitine,M00000003,,
Diacetylspermine,M00000616,,
Dodecanedioylcarnitine,M00000540,,
Dodecanoylcarnitine,M00000005,,
Dodecenoylcarnitine,M00000006,,
Dopa,M00000626,,
Dopamine,M00000625,,
Fumaric acid,M00000609,,
Gamma-aminobutyric acid,M00000561,,
Glucose,M00000171,,
Glutaconylcarnitine,M00000030,,
Glutamic acid,M00000042,,
Glutamine,M00000041,,
Glycine,M00000043,,
Hexadecadienylcarnitine,M00000014,,
Hexadecanoylcarnitine,M00000012,,
Hexadecenoylcarnitine,M00000498,,
Hexanoylcarnitine (Fumarylcarnitine),M00000031,,
Hexenoylcarnitine,M00000032,,
Hippuric acid,M00000605,,
Histamine,M00000544,,
Histidine,M00000044,,
Homocysteine,M00000058,,
Homovanillic acid,M00000612,,
Hydroxyhexadecadienylcarnitine,M00000542,,
Hydroxyhexadecanoylcarnitine,M00000013,,
Hydroxyhexadecenoylcarnitine,M00000541,,
Hydroxyphenylacetic acid,M00000574,,
Hydroxypropionylcarnitine,M00000021,,
Hydroxysphingomyeline C14:1,M00000156,,
Hydroxysphingomyeline C16:1,M00000157,,
Hydroxysphingomyeline C22:1,M00000158,,
Hydroxysphingomyeline C22:2,M00000159,,
Hydroxysphingomyeline C24:1,M00000160,,
Hydroxytetradecadienylcarnitine,M00000011,,
Hydroxytetradecenoylcarnitine,M00000009,,
Hydroxyvalerylcarnitine (Methylmalonylcarnitine),M00000020,,
Indole acetic acid,M00000613,,
Isobutyric acid,M00000610,,
Isoleucine,M00000045,,
Kynurenine,M00000064,,
Lactic acid,M00000527,,
Leucine,M00000046,,
Lysine,M00000047,,
lysoPhosphatidylcholine acyl C14:0,M00000548,,
lysoPhosphatidylcholine acyl C16:0,M00000072,,
lysoPhosphatidylcholine acyl C16:1,M00000073,,
lysoPhosphatidylcholine acyl C17:0,M00000074,,
lysoPhosphatidylcholine acyl C18:0,M00000075,,
lysoPhosphatidylcholine acyl C18:1,M00000076,,
lysoPhosphatidylcholine acyl C18:2,M00000077,,
lysoPhosphatidylcholine acyl C20:3,M00000078,,
lysoPhosphatidylcholine acyl C20:4,M00000079,,
lysoPhosphatidylcholine acyl C24:0,M00000499,,
lysoPhosphatidylcholine acyl C26:0,M00000080,,
lysoPhosphatidylcholine acyl C26:1,M00000500,,
lysoPhosphatidylcholine acyl C28:0,M00000081,,
lysoPhosphatidylcholine acyl C28:1,M00000082,,
Malonylcarnitine,M00000024,,
Methionine,M00000048,,
Methionine-Sulfoxide,M00000065,,
Methylglutarylcarnitine,M00000028,,
Methylhistidine,M00000640,,
Methylmalonic acid,M00000611,,
Nitro-Tyrosine,M00000545,,
Nonaylcarnitine,M00000035,,
Octadecadienylcarnitine,M00000017,,
Octadecanoylcarnitine,M00000015,,
Octadecenoylcarnitine,M00000016,,
Octanoylcarnitine,M00000034,,
Ornithine,M00000049,,
Para-hydroxyhippuric acid,M00000621,,
Phenylalanine,M00000050,,
Phenylethylamine,M00000546,,
Phosphatidylcholine acyl-alkyl C36:0,M00000127,,
Phosphatidylcholine acyl-alkyl C40:6,M00000145,,
Phosphatidylcholine diacyl C32:2,M00000088,,
Phosphatidylcholine diacyl C36:0,M00000094,,
Phosphatidylcholine diacyl C36:6,M00000100,,
Phosphatidylcholine diacyl C38:0,M00000101,,
Phosphatidylcholine diacyl C38:6,M00000106,,
Phosphatidylcholine diacyl C40:1,M00000107,,
Phosphatidylcholine diacyl C40:2,M00000108,,
Phosphatidylcholine diacyl C40:6,M00000112,,
Phosphocreatine,M00000606,,
Pimelylcarnitine,M00000033,,
Proline,M00000051,,
Proline-Betaine,M00000558,,
Propenoylcarnitine,M00000022,,
Propionic acid,M00000608,,
Propionylcarnitine,M00000019,,
Putrescine,M00000067,,
Pyruvic acid,M00000528,,
Sarcosine,M00000615,,
Serine,M00000052,,
Serotonin,M00000068,,
Spermidine,M00000069,,
Spermine,M00000511,,
Sphingomyeline C16:0,M00000161,,
Sphingomyeline C16:1,M00000162,,
Sphingomyeline C18:0,M00000163,,
Sphingomyeline C18:1,M00000164,,
Sphingomyeline C20:2,M00000165,,
Succinic acid,M00000529,,
Taurine,M00000070,,
Tetradecadienylcarnitine,M00000010,,
Tetradecanoylcarnitine,M00000007,,
Tetradecenoylcarnitine,M00000008,,
Threonine,M00000053,,
Tiglylcarnitine,M00000029,,
trans-OH-Proline,M00000066,,
Trigonelline,M00000641,,
Trimethylamine N-oxide,M00000071,,
Tryptophan,M00000054,,
Tyramine,M00000617,,
Tyrosine,M00000055,,
Uric acid,M00000614,,
Valerylcarnitine,M00000026,,
Valine,M00000056,,
AASGTQNNVLR,M00000745,11.02537892,
AEIEYLEK,M00000752,1.093290116,
AEVDDVIQVR,M00000748,10.82037602,
AFLLTPR,M00000650,2.19264075,
AGALNSNDAFVLK,M00000727,10.92692925,
AGGSWDLAVQER,M00000762,10.93247389,
AIGYLNTGYQR,M00000670,11.0152766,
ALDFAVGEYNK,M00000673,2.178662117,
ALEQDLPVNIK,M00000797,2.186704523,
ALQDQLVLVAAK,M00000669,11.06290985,
ATEHLSTLSEK,M00000677,22.02919559,
ATVVYQGER,M00000693,5.4566901,
AVEPQLQEEER,M00000781,1.100938701,
AVLHIGEK,M00000724,1.101631628,
AVVEVDESGTR,M00000716,1.092726016,
AVYEAVLR,M00000749,1.093145767,
AWVAWR,M00000782,1.104459169,
DADPDTFFAK,M00000778,10.15614114,
DDLYVSDAFHK,M00000665,5.497431311,
DGAGDVAFVK,M00000703,54.85972362,
DIAPTLTLYVGK,M00000655,109.0275436,
DINTFIHGNK,M00000705,1.10527318,
DLHLSDVFLK,M00000750,10.90493922,
DLLLPQPDLR,M00000694,10.86543755,
DLQNFLK,M00000729,2.201870144,
DQYYNIDVPSR,M00000795,1.085562055,
DVIVHPLPLK,M00000794,0.218040438,
EDVYVVGTVLR,M00000707,10.79241838,
EELLPAQDIK,M00000663,2.138625667,
EIGELYLPK,M00000668,5.443542705,
ELDESLQVAER,M00000746,2.106519095,
ELDSTGTPTGK,M00000772,2.218650358,
ELLESYIDGR,M00000653,5.294176625,
ELLETVVNR,M00000780,2.175362683,
ELPSLQHPNEQK,M00000790,0.219404315,
ENFVLTTAK,M00000763,0.218604504,
EQLTPLIK,M00000679,22.05639401,
EQPPSLTR,M00000662,2.204321261,
ESHVTLASPEETR,M00000792,1.09131837,
ETSNFGFSLLR,M00000802,10.87734829,
EWFSETFQK,M00000681,11.03234871,
FEDGVLDPDYPR,M00000708,10.08316467,
FGSSLITVR,M00000785,1.108569075,
FLNVLSPR,M00000755,1.091141801,
FPEVDVLTK,M00000709,2.215790898,
FSVVYAK,M00000699,5.442872283,
FTTDLDSPR,M00000766,1.092277545,
GATTSPGVYELSSR,M00000804,1.044780409,
GFPSVLR,M00000676,11.09352952,
GLFIIDGK,M00000771,2.215975825,
GLTLHLK,M00000654,1.101414123,
GNYDAAQR,M00000773,2.207346236,
GPGGVWAAEAISDAR,M00000743,10.67029976,
GSPAINVAVHVFR,M00000700,9.777864684,
GTLLALER,M00000735,1.106441206,
GTYIPVPIVSELQSGK,M00000652,1.092901215,
GVASLFAGR,M00000799,1.093755799,
GWVTDGFSSLK,M00000683,11.07785819,
GYNYSYK,M00000788,2.203274163,
GYSIFSYATK,M00000688,2.18224096,
HAFILQDTK,M00000728,1.094757578,
HHGPTITAK,M00000697,22.07188438,
HLVALSPK,M00000736,2.186561306,
HTSVQTTSSGSGPFTDVR,M00000695,10.99499537,
IAFSATR,M00000691,1.102761062,
IAWHVIR,M00000796,11.1675327,
ILAGPAGDSNVVK,M00000712,2.215729024,
IQTHSTTYR,M00000721,11.01264319,
ISEITNIVSK,M00000760,1.096785222,
ISFDEFIK,M00000751,10.84945438,
ITLPDFTGDLR,M00000757,10.93167931,
ITQVLHFTK,M00000741,10.96775487,
IVLGQEQDSYGGK,M00000690,5.520680747,
IYHSHIDAPK,M00000651,10.88526388,
LETPDFQLFK,M00000711,10.95067219,
LFLEPTR,M00000660,1.097085953,
LGEVNTYAGDLQK,M00000730,5.453353922,
LGNQEPGGQTALK,M00000739,5.473143419,
LGPLVEQGR,M00000678,2.176160628,
LIQGAPTIR,M00000756,1.089429377,
LLDSLPSDTR,M00000718,2.202137298,
LLEYDTVTR,M00000798,1.105499914,
LLGIETPLPK,M00000722,2.21927159,
LQSLFDSPDFSK,M00000776,10.95257358,
LSITGTYDLK,M00000666,21.31688185,
LSPIYNLVPVK,M00000692,10.99306388,
LVGGLHR,M00000647,10.94719118,
LVNEVTEFAK,M00000701,220.0350658,
LVVLPFPK,M00000801,10.91237226,
MESLGITSR,M00000732,2.212109862,
NFPSPVDAAFR,M00000704,10.94597239,
NLIAAVAPGAFLGLK,M00000774,10.7945025,
NWETEITAQPDGGK,M00000723,10.81821736,
NWGLSVYADKPETTK,M00000698,22.04955061,
QEPGENSEILPTLK,M00000761,2.183144382,
QGFGNVATNTDGK,M00000685,21.71400952,
SALVLQYLR,M00000656,11.03784042,
SDLAVPSELALLK,M00000786,10.99165455,
SGFSFGFK,M00000733,1.084596957,
SHLIIAQVAK,M00000777,1.089979836,
SIPQVSPVR,M00000753,1.094741468,
SLAPTAAAK,M00000758,5.496370401,
SLEDLQLTHNK,M00000779,11.05202148,
SSQESYAHGTK,M00000738,11.07526492,
SVNNVVVR,M00000649,1.066265355,
TGIVSGFGR,M00000657,1.05598886,
TGLQEVEVK,M00000671,11.03719035,
TGYYFDGISR,M00000765,2.193555512,
THHDGAITER,M00000659,2.205090886,
TLAFPLTIR,M00000803,10.95608746,
TLEAQLTPR,M00000725,2.194459148,
TNFDNDIALVR,M00000740,10.91042647,
TSESGLPSTR,M00000706,1.019826635,
TSSSFEVR,M00000713,2.19904952,
TVGSDTFYSFK,M00000674,10.93232737,
TYLPAVDEK,M00000682,2.206014028,
VAQELEEK,M00000646,2.207875302,
VFQFLEK,M00000672,2.206666075,
VFSLQWGEVK,M00000720,21.24273111,
VGAHAGEYGAEALER,M00000784,2.186809933,
VGSALFLSHNLK,M00000770,11.02864871,
VLDALQAIK,M00000664,1.091551562,
VLEPTLK,M00000702,22.04333614,
VLNQELR,M00000714,2.188824386,
VNHVTLSQPK,M00000783,1.098948996,
VQHIQLLQK,M00000684,10.93826189,
VVVHPDYR,M00000800,1.099974339,
VYFAGFPR,M00000731,2.166128096,
WLTFSLGK,M00000747,10.9658897,
WPEPVFGR,M00000645,11.01649183,
YAVSEAAAHK,M00000648,21.98544455,
YEASILTHDSSIR,M00000687,22.23299576,
YGFIEGHVVIPR,M00000754,11.00517916,
YLTLNTESTR,M00000726,1.079587092,
YSLTYIYTGLSK,M00000767,21.83979209,
YWGVASFLQK,M00000696,10.928735